Entity,Code,Year,Renewable_freshwater
Libya,LBY,1962,451.376149155314
Libya,LBY,1967,372.562972456419
Libya,LBY,1972,300.753171871845
Libya,LBY,1977,244.273786247176
Libya,LBY,1982,201.123186802641
Libya,LBY,1987,170.328610120975
Libya,LBY,1992,150.50513824542
Libya,LBY,1997,136.79171448677
Libya,LBY,2002,126.639185963313
Libya,LBY,2007,117.245821945135
Libya,LBY,2012,112.934956886274
Libya,LBY,2014,112.828467847433
